AGA KHAN FOUNDATION - SYRIA,,,,,,,,,,
Project Environmental Assessment Form (Site-specific Environmental Assessment) - Tool 2,,,,,,,,,,
Project information and project Officer who Conducted this Assessment,,,,,,,,,,
Name:,,,,Position:,,,,,,
Location of project:,,,,Project Title:,,,,,,
Project Started Date:,,,,Project End Date:,,,,,,
Category of Project from Tool 1:,,,,The time frame for Project:,,,,,,
The project (Activity) component being assessed,,,,,,,,,,
,,,,,,,,,,
,,,,,,,,,,
Brief description of the project (activities) being carried out,,,,,,,,,,
,,,,,,,,,,
,,,,,,,,,,
Briefly describe the environmental setting of the project (activities),,,,,,,,,,
,,,,,,,,,,
,,,,,,,,,,
The host country's legal requirements related to the environment or natural resources that apply to the project and how they will be met.,,,,,,,,,,
,,,,,,,,,,
,,,,,,,,,,
Environmental assessment methods,,,,,,,,,,
Field visits,,,,Previous Environmental Assessments,,,,,,
Available Technical reports,,,,Consultation with specialists: who?,,,,,,
Project team meeting(s),,,,Other methods:,,,,,,
AKFS Environmental Guidelines,,,,,,,,,,
Which public consultation methods were used while preparing the assessment Form,,,,,,,,,,
Interviews with community members. who?,,,,"Village (sites), meeting(s): if so, who, how many, and where?",,,,,,
Other community consultation: list here,,,,Consultation with Village (sites) Committees: who?,,,,,,
The type and nature of activities' environmental impact,,,,,,,,,,
A. Air quality,,,,,Negligible,Low,Medium,High,Not Applicable,Note
1,"Will the project generate air pollution (e.g., fuel use, industry, construction dust)?",,,,,,,,,
2,"Will the project increase vehicle or machinery use (e.g., transport, heavy equipment, generators)?",,,,,,,,,
3,"Will the project release chemicals, gases, or fine particles into the air?",,,,,,,,,
4,"Will air pollution from the project affect nearby homes, schools, or nature areas (within 1 km)?",,,,,,,,,
5,Is the local climate or geography likely to trap pollution instead of dispersing it?,,,,,,,,,
Total Score,,,,,0,0,0,0,0,
B. Water quality,,,,,Negligible,Low,Medium,High,Not Applicable,Note
1,"Will the project pollute nearby water sources (e.g., rivers, lakes, groundwater)?",,,,,,,,,
2,Will the project affect surface or groundwater quality or availability?,,,,,,,,,
3,"Will the project impact water used for drinking, irrigation, or ecosystems?",,,,,,,,,
4,"Will the project change water temperature (e.g., due to industrial discharge or deforestation)?",,,,,,,,,
5,"Will the project release toxic substances (e.g., chemicals, heavy metals) into water?",,,,,,,,,
Total Score,,,,,0,0,0,0,0,
C. The quality and effect of noise,,,,,Negligible,Low,Medium,High,Not Applicable,Note
1,Will the project create noise levels that exceed recognized safety limits for human exposure?,,,,,,,,,
2,Will the project introduce new or significantly louder noise compared to the current environment?,,,,,,,,,
3,How far will the noise from the project travel and impact surrounding areas?,,,,,,,,,
4,"Will the noise affect sensitive places like schools, hospitals, or residential areas?",,,,,,,,,
5,"Will the noise be more disruptive due to its timing (e.g., nighttime) or duration (e.g., long-term exposure)?",,,,,,,,,
Total Score,,,,,0,0,0,0,0,
D. Solid waste effect,,,,,Negligible,Low,Medium,High,Not Applicable,Note
1,Will the project negatively affect the existing solid waste management system?,,,,,,,,,
2,How much solid waste will the project generate?,,,,,,,,,
3,Can the waste from the project be recycled or reused?,,,,,,,,,
4,"Will the waste cause harm to the environment (e.g., land, water, wildlife)?",,,,,,,,,
5,"Does the waste pose safety risks due to how it is stored, handled, or disposed of?",,,,,,,,,
Total Score,,,,,0,0,0,0,0,
E. Radiation effect:,,,,,Negligible,Low,Medium,High,Not Applicable,Note
1,Will the project cause radiation exposure above safe limits for people and the environment?,,,,,,,,,
2,"What is the impact of the type of radiation emitted by the project (e.g., alpha, beta, gamma, neutron)?",,,,,,,,,
3,"Will sensitive groups (e.g., children, pregnant women, endangered species) be affected by radiation from the project?",,,,,,,,,
4,"What is the risk of radioactive contamination of soil, water, or air due to the project?",,,,,,,,,
5,How significant is the impact of radiation exposure based on how often and how long it occurs?,,,,,,,,,
Total Score,,,,,0,0,0,0,0,
F. Toxic and Dangerous Materials effect,,,,,Negligible,Low,Medium,High,Not Applicable,Note
1,Will the project release toxic or hazardous materials that could harm the ecosystem?,,,,,,,,,
2,"What is the risk from storing, handling, or transporting toxic or dangerous materials?",,,,,,,,,
3,Will the project pose health risks to people due to exposure to toxic materials?,,,,,,,,,
4,"What is the risk of toxic materials contaminating water, soil, or air?",,,,,,,,,
5,How risky is the disposal of waste containing toxic or dangerous materials?,,,,,,,,,
Total Score,,,,,0,0,0,0,0,
"J_The Environmental impacts on natural plants, forests, and wildlife, include the following questions:",,,,,Negligible,Low,Medium,High,Not Applicable,Note
1,"Will the project lead to loss of natural plants, wildlife, or biodiversity?",,,,,,,,,
2,"Will the project affect animal behavior, migration, or increase the risk of species loss?",,,,,,,,,
3,Will the project harm tree growth or reduce vegetation cover?,,,,,,,,,
4,"Will the project negatively impact aquatic wildlife and habitats (e.g., lakes, rivers, seas)?",,,,,,,,,
5,Will the project increase the risk of forest fires or cause habitat fragmentation?,,,,,,,,,
6,Will the project introduce or spread invasive species?,,,,,,,,,
7,Will the project affect soil health and fertility?,,,,,,,,,
8,Will the project impact water resources needed for natural ecosystems?,,,,,,,,,
9,Will the project disrupt ecological connectivity and wildlife corridors?,,,,,,,,,
10,"Will the project harm pollinators (e.g., bees, butterflies) or endangered species and their habitats?",,,,,,,,,
Total Score,,,,,0,0,0,0,0,
H. Environmental impacts of land use and management,,,,,Negligible,Low,Medium,High,Not Applicable,Note
1,"Will the project negatively impact national parks, scenic areas, recreation, or tourism?",,,,,,,,,
2,"Will the project affect archaeological sites, cultural heritage, or traditional practices?",,,,,,,,,
3,"Will the project change the aesthetic appearance of the area (e.g., landscapes, views)?",,,,,,,,,
4,Will the project negatively affect land use diversity or conflict with existing land use plans?,,,,,,,,,
5,Will the project cause significant changes in population density or settlement patterns?,,,,,,,,,
6,"Will the project negatively impact local economic growth, economic diversity, or resilience?",,,,,,,,,
7,Will the project alter the region's social structure or way of life?,,,,,,,,,
8,Will the project reduce available agricultural land or lower productivity?,,,,,,,,,
9,"Will the project negatively affect residential areas, community cohesion, or social equity?",,,,,,,,,
10,"Will the project put pressure on existing infrastructure (e.g., roads, utilities, schools, healthcare)?",,,,,,,,,
Total Score,,,,,0,0,0,0,0,
Project Environmental assessment Summary,,,,,Negligible,Low,Medium,High,Not Applicable,Note
A_Air quality: It includes the following questions:,,,,,0,0,0,0,0,
B_Water quality includes the following questions:,,,,,0,0,0,0,0,
"C_The quality and effect of noise, include the following questions:",,,,,0,0,0,0,0,
D_The solid waste effect includes the following questions:,,,,,0,0,0,0,0,
E_The Radiation effect includes the following questions:,,,,,0,0,0,0,0,
F_The Toxic and Dangerous Materials effect includes the following questions:,,,,,0,0,0,0,0,
"J_The Environmental impacts on natural plants, forests, and wildlife, include the following questions:",,,,,0,0,0,0,0,
"H_Environmental impacts of land use and management, It includes the following questions:",,,,,0,0,0,0,0,
TOTAL PROJECT SCORE,,,,,0,0,0,0,0,
Is it Complete,,,,,NO,,,,,
TOTAL PROJECT IMPACT,,,,,,,,,,
Potential Negative Impact:,,,,,,,,,,
,,,,,,,,,,
,,,,,,,,,,
Potential Positive Impact:,,,,,,,,,,
,,,,,,,,,,
,,,,,,,,,,
The Approval and Recommendations by,,,,,,,,,,
Name:,,,,Position:,,,,,,
Recommendations:,,,,,,,,,,