AGA KHAN FOUNDATION - SYRIA,,,,,,,,,,,,,
Project Environmental Checklist and Evaluation Tool - 5,,,,,,,,,,,,,
Name:,,,,,,,Position:,,,,,,
Project Title:,,,,,,,Location of project:,,,,,,
Project Start Date:,,,,,,,Project End Date:,,,,,,
The time frame for Project :,,,,,,,Category of Project from Tool 1:,,,,,,
Enviornmental and Social impact monitoring,,,,,,,,,,,,,
S,Indicator,Definition,Measurement,Final Environmental Assessment,,,,,,,Ranking,Responsibility,Note
,,,,Basline,Quarter1,Quarter2,Quarter3,Quarter4,Total,Score,,,
A,Air quality,,,,,,,,,,,,
1,Presence of Visible Air Pollution from Project Activities,"Assesses if dust, smoke, or emissions are noticeable in the project area.","Observation of visible pollution (e.g., smoke from fuel use, industrial processes, construction dust).",,,,,,,,,,
2,Complaints from the Community About Air Quality Issues,"Tracks whether residents, workers, or local authorities report air pollution problems","Count and nature of complaints (from community meetings, surveys, or records).",,,,,,,,,,
3,"Change in Soil, Vegetation Condition in the Project Area","Assesses whether the soil or the plants show signs of damage (e.g., leaf discoloration, stunted growth) due to air pollution.",Visual assessment of the soil degradation or plant health near the project site.,,,,,,,,,,
B,Water quality,,,,,,,,,,,,
1,Presence of Visible Water Contamination,"Assesses whether water in local rivers, lakes, or streams near the project appears polluted (e.g., oil, foam, discoloration).",Visual inspection of water bodies for signs of contamination.,,,,,,,,,,
2,Community Reports of Water Issues (Quality or Availability),"Monitors whether locals experience water-related problems linked to the project (e.g., bad smell, reduced supply, health concerns).",Number and type of complaints from community surveys or meetings.,,,,,,,,,,
3,"Changes in Animals, Vegetation, or Soil Health Near Water Sources","Observes whether Animals and plants near water bodies are affected (e.g., Illnesses, deaths, unusual dryness, yellowing, erosion).","Visual assessment of Animals, Soil, plant condition near rivers, lakes, or wetlands.",,,,,,,,,,
C,The quality and effect of noise,,,,,,,,,,,,
1,Number of Community Complaints About Noise,"Tracks reports from residents, workers, or local institutions (e.g., schools, hospitals) about noise disturbances caused by the project.","Review community feedback, complaints, or surveys regarding noise issues.",,,,,,,,,,
2,"Observation of Noise Disruption in Sensitive Areas (e.g., Schools, Hospitals, Homes)",Assesses whether noise from the project is noticeable or disruptive in nearby sensitive locations.,"Visual and auditory assessment at different times of the day near schools, hospitals, and residential areas.",,,,,,,,,,
3,Change in Noise Levels at Different Times of the Day,"Evaluates whether noise from the project increases significantly during specific times (e.g., early morning, late night).",Field observation of noise patterns at various times of the day and week.,,,,,,,,,,
D,Solid waste effect,,,,,,,,,,,,
1,Number of Community Complaints About Solid Waste Issues,"Tracks reports from residents, workers, or local authorities about problems related to waste disposal, accumulation, or pollution caused by the project, Including visual pollution caused by waste.","Review community feedback, complaints, or surveys regarding solid waste issues.",,,,,,,,,,
2,Visibility of Solid Waste Accumulation Near the Project Site,Assesses whether solid waste from the project is noticeable and whether proper disposal methods are followed.,Visual inspection of waste accumulation in and around the project area.,,,,,,,,,,
3,Level of Recycling or Reuse of Project Waste,"Evaluates the percentage of the waste generated by the project is recycled, reused, safely disposed of, or dengorouse disposed of.",Review of project waste management practices and records.,,,,,,,,,,
E,Radiation effect:,,,,,,,,,,,,
1,Number of Community Complaints About Radiation Concerns,"Tracks reports from residents, workers, or local authorities about concerns related to radiation exposure from the project.","Review community feedback, complaints, or surveys regarding radiation risks.",,,,,,,,,,
2,Observation of Signs of Radiation-Related Environmental Damage,"Assesses whether there are visible signs of radiation exposure affecting plants, animals, or soil in the project area.","Visual inspection of plant health, wildlife conditions, or unusual soil changes.",,,,,,,,,,
3,Reports of Health Issues Potentially Linked to Radiation Exposure,Monitors whether workers or nearby residents report symptoms or health conditions possibly linked to radiation.,"Review of health-related concerns raised in community discussions, workplace records, or local health authority reports",,,,,,,,,,
F,Toxic and Dangerous Materials effect,,,,,,,,,,,,
1,"Toxic and Dangerous Materials Effect (Solid, Liquid, or Gas)– Indicators for Annual Monitoring","Tracks reports from residents, workers, or local authorities about concerns related to exposure to toxic or hazardous materials from the project.","Review community feedback, complaints, or surveys regarding toxic material risks.",,,,,,,,,,
2,Observation of Visible Contamination or Unsafe Handling of Toxic Materials,"Assesses whether there are visible signs of contamination (e.g., spills, improper storage, leaks) or unsafe handling of hazardous materials in the project area.","Visual inspection of storage sites, waste disposal areas, or nearby land and water sources.",,,,,,,,,,
3,Reports of Health Issues Potentially Linked to Toxic Material Exposure,Monitors whether workers or nearby residents report symptoms or health conditions possibly linked to toxic material exposure.,"Review of health-related concerns raised in community discussions, workplace records, or local health authority reports.",,,,,,,,,,
J,"The Environmental impacts on natural plants, forests, and wildlife",,,,,,,,,,,,
1,Observation of Changes in Vegetation and Tree Cover,"Assesses whether the project has led to noticeable changes in plant health, tree cover, or deforestation in the area.",Visual assessment of vegetation health and tree coverage near the project site.,,,,,,,,,,
2,Reports of Wildlife Disturbance or Habitat Loss,"Tracks community or expert reports on the decline of wildlife populations, changes in animal migration, or habitat destruction caused by the project.","Review of reports from local communities, conservation groups, or ecological assessments.",,,,,,,,,,
3,Presence of Invasive Species in the Project Area,"Evaluates whether new invasive plant or animal species have been introduced due to project activities, impacting native ecosystems.","Visual inspection of invasive species presence, combined with reports from local environmental monitoring groups.",,,,,,,,,,
H,Environmental impacts of land use and management,,,,,,,,,,,,
1,Observation of Changes in Land Use and Aesthetic Impact,"Assesses whether the project has visibly altered the landscape, disrupted scenic areas, or changed land use patterns.",Visual assessment of land use changes and aesthetic impact near the project site.,,,,,,,,,,
2,Reports of Community Concerns About Social or Economic Impact,"Tracks feedback from residents, businesses, or local authorities regarding changes in economic activity, social structures, or community well-being due to the project.","Review of community feedback, surveys, or discussions about economic and social impacts.",,,,,,,,,,
3,Impact on Infrastructure and Public Services,"Evaluates whether the project has increased pressure on roads, utilities, schools, or healthcare facilities.",Observations of infrastructure conditions and review of reports on service capacity issues.,,,,,,,,,,